[{"id":1,"NoteTitle":"111111111111111111111111111","NoteDueDate":"2001/01/01","NoteSummary":"111111111111111111111111111","NoteBody":"111111111111111111111111111"},{"id":2,"NoteTitle":"22222222","NoteDueDate":"2010/01/01","NoteSummary":"22222222222222","NoteBody":"22222222222222"},{"id":3,"NoteTitle":"asd","NoteDueDate":"2016/11/06","NoteSummary":"123123","NoteBody":"asd"},{"id":4,"NoteTitle":"asd","NoteDueDate":"2016/11/09","NoteSummary":"asd","NoteBody":"asd"},{"id":5,"NoteTitle":"999","NoteDueDate":"2016/11/01","NoteSummary":"6","NoteBody":"5626"},{"id":6,"NoteTitle":"1321","NoteDueDate":"2016/11/01","NoteSummary":"qwe","NoteBody":"qwe"},{"id":7,"NoteTitle":"<script>alert(\"xss\");</script>","NoteDueDate":"2016/11/02","NoteSummary":"<script>alert(\"xss\");</script>","NoteBody":"<script>alert(\"xss\");</script>"},{"id":8,"NoteTitle":"<script>alert(\"xss\");</script>","NoteDueDate":"2016/11/02","NoteSummary":"<script>alert(\"xss\");</script>","NoteBody":"<script>alert(\"xss\");</script>"},{"id":9,"NoteTitle":"asdasda","NoteDueDate":"2016/11/01","NoteSummary":"<h1>asdfasf</h1><a>asdas</a><script>alert(\"xss\");</script>","NoteBody":"<h1>asdfasf</h1><a>asdas</a><script>alert(\"xss\");</script>"}]