[{"id":1,"title":"Note 1","date":"2016/11/01","summary":"JavaScript","body":"Learning JavaScript."},{"id":2,"title":"Note 2","date":"2016/11/02","summary":"NodeJS","body":"Learning NodeJS."},{"id":3,"title":"Note 3","date":"2016/11/03","summary":"jQuery","body":"Learning jQuery."},{"id":4,"title":"Note 4","date":"2016/12/11","summary":"AJAX","body":"Learning AJAX."},{"id":5,"title":"Note 5","date":"2017/01/02","summary":"Cookies","body":"Learning Cookies."},{"id":6,"title":"ss","summary":"dd","date":"2016-11-23","body":"eeeeee"},{"id":7,"title":"ss","summary":"dd","date":"2016-11-23","body":"eeeeee"},{"id":8,"title":"Note 6","summary":"JSON","date":"2016-11-23","body":"Learning JSON."},{"id":9,"title":"Note 7","summary":"Web Programming","date":"2016-11-23","body":"Learning Web Programming."},{"id":10,"title":"aa","summary":"aaa","date":"2016-11-23","body":"aaaa"},{"id":11,"title":"Note 8","summary":"Note summary","date":"2016-11-23","body":"Note body."},{"id":12,"title":"aa","summary":"a","date":"aaaa","body":"aa"}]