[{"id":1,"title":"test 1","due":"2016/11/01","summary":"Test 1 of cs 546","body":"Here are three task you need to finish."},{"id":2,"title":"test 2","due":"2016/11/02","summary":"Test 2 of cs 546","body":"You need to load a page using ajax and jquery."},{"id":3,"title":"test 3","due":"2016/11/03","summary":"Test 3 of cs 546","body":"Realize a real time chat application using javascript."},{"id":6,"title":"test 7","due":"2016/12/11","summary":"hello","body":"hello"},{"id":7,"title":"test 8","due":"2017/01/02","summary":"howareyou","body":"hello"}]